{"Message":"can we meet?","Recipient":"+27798609098","MessageHash":"97:1:CANMEET?","MessageID":"9715525477"}
{"Message":"Where are you? You are late! I have asked you to be on time.","Recipient":"+27838884567","MessageHash":"80:1:WHERETIME.","MessageID":"8001200664"}
{"Message":"Ok, I am leaving without you.","Recipient":"+27838884567","MessageHash":"64:4:OK,YOU.","MessageID":"6449084628"}
{"Message":"Where are you? You are late! I have asked you to be on time.","Recipient":"+27838884567","MessageHash":"59:1:WHERETIME.","MessageID":"5975802360"}
{"Message":"Ok, I am leaving without you.","Recipient":"+27838884567","MessageHash":"99:4:OK,YOU.","MessageID":"9909431218"}
{"Message":"ma","Recipient":"+27606230925","MessageHash":"91:11:MAMA","MessageID":"9100923571"}
{"Message":"hey","Recipient":"+27798609098","MessageHash":"83:6:HEYHEY","MessageID":"8311138526"}
